"timestamp","label","direction","distance_cm","speed_cmps","kp","ki","kd","speed_factor","done","timeout","completion_s","final_remaining_cm","radial_error_cm","max_overshoot_cm","final_cross_error_cm","final_actual_cmps","peak_actual_cmps","restart_count","reversal_count","braking_samples","position_loop_samples","line_guidance_samples","max_yaw_error_deg","telemetry_samples","vision_start_time","vision_end_time","vision_start_x_grid","vision_start_y_grid","vision_start_yaw_deg","vision_end_x_grid","vision_end_y_grid","vision_end_yaw_deg","vision_dx_cm","vision_dy_cm","vision_travel_cm","vision_yaw_change_deg","raw_log"
"2026-07-15T17:36:18","baseline_v2_forward100","forward","100","150","0.8","0","0.05","0.95","1","0","2.165","-2.1","2.159","2.2","0.5","0","96.2","0","0","7","0","17","1.31","20","","","","","","","","","","","","","E:\ASC-_AIVision_Group2\project\calibration_records\2026-07-15_position_pid_tuning\baseline_v2_forward100.log"
"2026-07-15T17:37:33","baseline_v2_backward100","backward","100","150","0.8","0","0.05","0.95","0","1","","2.1","2.1","2.4","0","0","96.77","0","1","168","2","179","1.06","181","","","","","","","","","","","","","E:\ASC-_AIVision_Group2\project\calibration_records\2026-07-15_position_pid_tuning\baseline_v2_backward100.log"
"2026-07-15T18:34:10","straight_v1_forward100_f095","forward","100","150","0.8","0","0.05","0.95","1","0","2.19","-2.3","2.319","2.4","0.3","0","96.39","0","0","7","0","18","0.99","21","2026-07-15T18:34:07.5073386+08:00","2026-07-15T18:34:09.8568721+08:00","0.475","5.094","89.83","5.6185","5.1123","90.316","102.87","0.366","102.871","0.486","E:\ASC-_AIVision_Group2\project\calibration_records\2026-07-15_position_pid_tuning\straight_v1_forward100_f095.log"
"2026-07-15T18:34:32","straight_v1_backward100_f095","backward","100","150","0.8","0","0.05","0.95","1","0","2.064","-3","3.059","3.1","0.6","0","96.16","0","0","7","0","18","1.2","20","2026-07-15T18:34:30.2003601+08:00","2026-07-15T18:34:32.4213422+08:00","5.6181","5.1118","90.426","0.4581","5.0605","88.686","-103.2","-1.026","103.205","-1.74","E:\ASC-_AIVision_Group2\project\calibration_records\2026-07-15_position_pid_tuning\straight_v1_backward100_f095.log"
"2026-07-15T18:34:59","straight_v1_forward100_f085","forward","100","150","0.8","0","0.05","0.85","1","0","2.231","-0.2","1.315","0.2","1.3","0","94.74","0","0","9","0","19","0.91","21","2026-07-15T18:34:56.7828680+08:00","2026-07-15T18:34:59.1919650+08:00","0.458","5.0609","88.741","5.5048","5.0661","89.483","100.936","0.104","100.936","0.743","E:\ASC-_AIVision_Group2\project\calibration_records\2026-07-15_position_pid_tuning\straight_v1_forward100_f085.log"
"2026-07-15T18:35:24","straight_v1_backward100_f085","backward","100","150","0.8","0","0.05","0.85","1","0","2.165","-0.3","1.334","0.4","1.3","0","95.36","0","0","9","0","18","1.5","20","2026-07-15T18:35:21.7174943+08:00","2026-07-15T18:35:24.0474556+08:00","5.5049","5.0671","89.419","0.4877","5.0412","88.681","-100.344","-0.518","100.345","-0.738","E:\ASC-_AIVision_Group2\project\calibration_records\2026-07-15_position_pid_tuning\straight_v1_backward100_f085.log"
"2026-07-15T18:35:54","pos_baseline_forward20_k080d005","forward","20","40","0.8","0","0.05","0.85","1","0","1.267","-3","3.007","3","0.2","0","43.05","0","0","5","4","5","0.67","11","2026-07-15T18:35:53.1506596+08:00","2026-07-15T18:35:54.5719584+08:00","0.4883","5.0413","88.711","1.6653","5.0358","88.977","23.54","-0.11","23.54","0.266","E:\ASC-_AIVision_Group2\project\calibration_records\2026-07-15_position_pid_tuning\pos_baseline_forward20_k080d005.log"
"2026-07-15T18:36:16","pos_baseline_backward20_k080d005","backward","20","40","0.8","0","0.05","0.85","1","0","1.32","-3.6","3.622","3.6","0.4","0","42.85","0","0","6","4","6","0.66","12","2026-07-15T18:36:14.9868981+08:00","2026-07-15T18:36:16.4555983+08:00","1.6658","5.035","88.722","0.4563","5.0544","88.556","-24.19","0.388","24.193","-0.166","E:\ASC-_AIVision_Group2\project\calibration_records\2026-07-15_position_pid_tuning\pos_baseline_backward20_k080d005.log"
"2026-07-15T18:36:40","pos_forward20_k040d005","forward","20","40","0.4","0","0.05","0.85","1","0","1.318","-3","3.007","3","0.2","0","41.83","0","0","5","4","5","0.57","12","2026-07-15T18:36:38.1536863+08:00","2026-07-15T18:36:39.6335770+08:00","0.4563","5.0543","88.467","1.6327","5.051","89.09","23.528","-0.066","23.528","0.623","E:\ASC-_AIVision_Group2\project\calibration_records\2026-07-15_position_pid_tuning\pos_forward20_k040d005.log"
"2026-07-15T18:37:07","pos_forward20_k040d005_f070","forward","20","40","0.4","0","0.05","0.7","1","0","1.225","-1.5","1.53","1.5","0.3","0.28","36.7","0","0","6","3","6","0.53","10","2026-07-15T18:37:06.0950897+08:00","2026-07-15T18:37:07.4690745+08:00","1.6329","5.0508","89.075","2.7361","5.0409","88.77","22.064","-0.198","22.065","-0.305","E:\ASC-_AIVision_Group2\project\calibration_records\2026-07-15_position_pid_tuning\pos_forward20_k040d005_f070.log"
"2026-07-15T18:37:30","pos_backward20_k040d005_f070","backward","20","40","0.4","0","0.05","0.7","1","0","1.319","-2.1","2.121","2.1","0.3","0","37.72","0","0","7","3","7","0.55","12","2026-07-15T18:37:28.5427865+08:00","2026-07-15T18:37:30.0227285+08:00","2.736","5.0403","88.598","1.6","5.061","89.363","-22.72","0.414","22.724","0.765","E:\ASC-_AIVision_Group2\project\calibration_records\2026-07-15_position_pid_tuning\pos_backward20_k040d005_f070.log"
"2026-07-15T18:37:52","pos_forward20_k040d005_f060","forward","20","40","0.4","0","0.05","0.6","1","0","1.363","-0.5","0.539","0.5","0.2","0","33.01","0","0","7","3","7","0.57","12","2026-07-15T18:37:50.2715244+08:00","2026-07-15T18:37:51.7778036+08:00","1.6001","5.0609","89.26","2.6541","5.0509","88.894","21.08","-0.2","21.081","-0.366","E:\ASC-_AIVision_Group2\project\calibration_records\2026-07-15_position_pid_tuning\pos_forward20_k040d005_f060.log"
"2026-07-15T18:38:12","pos_backward20_k040d005_f060","backward","20","40","0.4","0","0.05","0.6","1","0","1.359","-1.1","1.14","1.1","0.3","0","32.39","0","0","7","3","7","0.63","12","2026-07-15T18:38:10.8332887+08:00","2026-07-15T18:38:12.3575836+08:00","2.6526","5.0513","88.909","1.5655","5.0717","89.372","-21.742","0.408","21.746","0.463","E:\ASC-_AIVision_Group2\project\calibration_records\2026-07-15_position_pid_tuning\pos_backward20_k040d005_f060.log"
"2026-07-15T18:38:36","verify_forward100_k040d005_f060","forward","100","150","0.4","0","0.05","0.6","1","0","2.818","0.1","0.1","0","0","1.23","81.8","0","0","18","0","25","0.54","27","2026-07-15T18:38:32.6923642+08:00","2026-07-15T18:38:35.6747204+08:00","1.5639","5.0715","89.223","6.5584","5.065","89.684","99.89","-0.13","99.89","0.461","E:\ASC-_AIVision_Group2\project\calibration_records\2026-07-15_position_pid_tuning\verify_forward100_k040d005_f060.log"
"2026-07-15T18:39:00","verify_backward100_k040d005_f070","backward","100","150","0.4","0","0.05","0.7","1","0","2.668","-0.7","0.707","0.7","0.1","0.82","89.8","0","0","16","0","24","1.27","25","2026-07-15T18:38:56.8140632+08:00","2026-07-15T18:38:59.6451500+08:00","6.5584","5.0649","89.738","1.5543","5.0474","89.091","-100.082","-0.35","100.083","-0.648","E:\ASC-_AIVision_Group2\project\calibration_records\2026-07-15_position_pid_tuning\verify_backward100_k040d005_f070.log"
"2026-07-15T18:43:12","blend_v1_forward20_k080d005_f070","forward","20","40","0.8","0","0.05","0.7","1","0","1.316","-1.4","1.404","1.4","0.1","0","35.67","0","0","6","4","6","0.69","12","2026-07-15T18:43:10.9309968+08:00","2026-07-15T18:43:12.4106131+08:00","0.5061","5.2362","89.842","1.5995","5.2403","90.035","21.868","0.082","21.868","0.193","E:\ASC-_AIVision_Group2\project\calibration_records\2026-07-15_position_pid_tuning\blend_v1_forward20_k080d005_f070.log"
"2026-07-15T18:43:36","blend_v1_backward20_k080d005_f070","backward","20","40","0.8","0","0.05","0.7","1","0","1.322","-1.9","1.91","1.9","0.2","0","36.7","0","0","7","3","7","1.13","12","2026-07-15T18:43:34.8973036+08:00","2026-07-15T18:43:36.3907268+08:00","1.5995","5.2401","89.932","0.4785","5.2418","89.976","-22.42","0.034","22.42","0.044","E:\ASC-_AIVision_Group2\project\calibration_records\2026-07-15_position_pid_tuning\blend_v1_backward20_k080d005_f070.log"
"2026-07-15T18:44:10","blend_v1_forward20_k080d005_f065","forward","20","40","0.8","0","0.05","0.65","1","0","1.369","-0.9","0.922","0.9","0.2","0","34.44","0","0","6","4","6","0.69","13","2026-07-15T18:44:08.2702487+08:00","2026-07-15T18:44:09.8007709+08:00","0.4786","5.2426","89.828","1.5484","5.241","89.168","21.396","-0.032","21.396","-0.66","E:\ASC-_AIVision_Group2\project\calibration_records\2026-07-15_position_pid_tuning\blend_v1_forward20_k080d005_f065.log"
"2026-07-15T18:44:35","blend_v1_backward20_k080d005_f065","backward","20","40","0.8","0","0.05","0.65","1","0","1.347","-1.5","1.53","1.5","0.3","0","33.22","0","0","7","3","7","1.21","12","2026-07-15T18:44:33.4821187+08:00","2026-07-15T18:44:34.9904943+08:00","1.5484","5.2408","89.033","0.4467","5.2521","89.477","-22.034","0.226","22.035","0.444","E:\ASC-_AIVision_Group2\project\calibration_records\2026-07-15_position_pid_tuning\blend_v1_backward20_k080d005_f065.log"
"2026-07-15T18:45:06","blend_v1_forward20_k050d005_f065","forward","20","40","0.5","0","0.05","0.65","1","0","1.307","-1","1.005","1","0.1","0","34.65","0","0","7","4","7","0.64","12","2026-07-15T18:45:04.7911738+08:00","2026-07-15T18:45:06.2587464+08:00","0.4472","5.2512","89.384","1.5199","5.2543","89.679","21.454","0.062","21.454","0.295","E:\ASC-_AIVision_Group2\project\calibration_records\2026-07-15_position_pid_tuning\blend_v1_forward20_k050d005_f065.log"
"2026-07-15T18:45:28","blend_v1_backward20_k050d005_f065","backward","20","40","0.5","0","0.05","0.65","1","0","1.322","-1.5","1.53","1.5","0.3","0","33.42","0","0","7","4","7","1.13","12","2026-07-15T18:45:26.6596132+08:00","2026-07-15T18:45:28.1271762+08:00","1.5201","5.2548","89.687","0.4185","5.2616","89.484","-22.032","0.136","22.032","-0.203","E:\ASC-_AIVision_Group2\project\calibration_records\2026-07-15_position_pid_tuning\blend_v1_backward20_k050d005_f065.log"
"2026-07-15T18:46:04","blend_v1_forward20_k050d005_f085","forward","20","40","0.5","0","0.05","0.85","0","1","","3.8","3.805","0","0.2","0","33.01","0","0","0","100","0","0.56","100","2026-07-15T18:45:53.3098279+08:00","2026-07-15T18:46:03.6390676+08:00","0.4191","5.2608","89.282","1.2479","5.2589","89.569","16.576","-0.038","16.576","0.287","E:\ASC-_AIVision_Group2\project\calibration_records\2026-07-15_position_pid_tuning\blend_v1_forward20_k050d005_f085.log"
"2026-07-15T18:46:35","blend_v1_forward20_k150d005_f085","forward","20","40","1.5","0","0.05","0.85","1","0","1.263","-3.1","3.102","3.1","0.1","1.23","40.18","0","0","5","5","5","0.64","11","2026-07-15T18:46:33.6537424+08:00","2026-07-15T18:46:35.0702067+08:00","1.2479","5.2595","89.454","2.4285","5.2582","89.207","23.612","-0.026","23.612","-0.247","E:\ASC-_AIVision_Group2\project\calibration_records\2026-07-15_position_pid_tuning\blend_v1_forward20_k150d005_f085.log"
"2026-07-15T18:47:29","blend_v1_backward20_k100d005_f085","backward","20","40","1","0","0.05","0.85","1","0","1.315","-3.8","3.821","3.8","0.4","0","40.39","0","0","6","4","6","1.13","11","2026-07-15T18:47:27.1833386+08:00","2026-07-15T18:47:28.6671081+08:00","2.4289","5.2574","89.078","1.209","5.2716","89.299","-24.398","0.284","24.4","0.221","E:\ASC-_AIVision_Group2\project\calibration_records\2026-07-15_position_pid_tuning\blend_v1_backward20_k100d005_f085.log"
"2026-07-15T18:48:09","blend_v1_forward40_k050d005_f065","forward","40","50","0.5","0","0.05","0.65","1","0","1.859","-0.2","0.632","0.2","0.6","0","44.49","0","0","12","0","15","0.82","17","2026-07-15T18:48:07.2331541+08:00","2026-07-15T18:48:09.2494333+08:00","1.2088","5.2721","89.493","3.2505","5.2583","89.329","40.834","-0.276","40.835","-0.163","E:\ASC-_AIVision_Group2\project\calibration_records\2026-07-15_position_pid_tuning\blend_v1_forward40_k050d005_f065.log"
"2026-07-15T18:48:34","blend_v1_backward40_k050d005_f075","backward","40","50","0.5","0","0.05","0.75","1","0","1.711","-1.2","1.389","1.2","0.7","0","49.21","0","0","9","0","13","0.97","15","2026-07-15T18:48:32.4035311+08:00","2026-07-15T18:48:34.2796860+08:00","3.2505","5.2583","89.066","1.1624","5.2766","89.021","-41.762","0.366","41.764","-0.045","E:\ASC-_AIVision_Group2\project\calibration_records\2026-07-15_position_pid_tuning\blend_v1_backward40_k050d005_f075.log"
"2026-07-15T18:49:14","blend_v1_forward70_k050d005_f080","forward","70","65","0.5","0","0.05","0.8","0","1","","-1.2","2.163","1.2","1.8","0","62.13","0","0","13","102","18","0.79","120","2026-07-15T18:49:02.0096203+08:00","2026-07-15T18:49:14.3274998+08:00","1.1625","5.2767","89.167","4.7536","5.2782","89.535","71.822","0.03","71.822","0.368","E:\ASC-_AIVision_Group2\project\calibration_records\2026-07-15_position_pid_tuning\blend_v1_forward70_k050d005_f080.log"
"2026-07-15T18:55:02","minpos_v1_forward70_k050d005_f080","forward","70","65","0.5","0","0.05","0.8","1","0","2.15","-1.1","1.118","1.1","0.2","0","63.97","0","0","13","0","18","0.63","20","2026-07-15T18:54:59.8504118+08:00","2026-07-15T18:55:02.1574638+08:00","1.2026","4.2545","87.338","4.7851","4.1466","88.449","71.65","-2.158","71.682","1.111","E:\ASC-_AIVision_Group2\project\calibration_records\2026-07-15_position_pid_tuning\minpos_v1_forward70_k050d005_f080.log"
"2026-07-15T18:55:50","minpos_v1_backward70_k050d005_f080","backward","70","65","0.5","0","0.05","0.8","1","0","2.176","-1.3","1.304","1.3","0.1","0","64.99","0","0","13","0","19","0.8","21","2026-07-15T18:55:47.3938465+08:00","2026-07-15T18:55:49.7353492+08:00","4.7849","4.1463","88.541","1.2162","4.2269","88.211","-71.374","1.612","71.392","-0.33","E:\ASC-_AIVision_Group2\project\calibration_records\2026-07-15_position_pid_tuning\minpos_v1_backward70_k050d005_f080.log"
"2026-07-15T18:56:27","minpos_v1_forward20_k050d005_f085","forward","20","40","0.5","0","0.05","0.85","1","0","3.839","1.2","1.2","0","0","0","30.14","1","0","0","35","0","0.9","37","2026-07-15T18:56:22.9892257+08:00","2026-07-15T18:56:26.9754825+08:00","1.2163","4.2276","88.067","2.2046","4.2006","88.93","19.766","-0.54","19.773","0.864","E:\ASC-_AIVision_Group2\project\calibration_records\2026-07-15_position_pid_tuning\minpos_v1_forward20_k050d005_f085.log"
"2026-07-15T18:56:52","minpos_v1_backward20_k050d005_f065","backward","20","40","0.5","0","0.05","0.65","1","0","1.311","-1.5","1.513","1.5","0.2","0.55","35.68","0","0","7","4","7","1.08","12","2026-07-15T18:56:50.7045132+08:00","2026-07-15T18:56:52.1770353+08:00","2.205","4.2008","89.011","1.1007","4.2433","87.834","-22.086","0.85","22.102","-1.177","E:\ASC-_AIVision_Group2\project\calibration_records\2026-07-15_position_pid_tuning\minpos_v1_backward20_k050d005_f065.log"
"2026-07-15T18:57:25","minpos_v1_forward50_k050d005_f075","forward","50","50","0.5","0","0.05","0.75","1","0","2.008","-0.7","0.728","0.7","0.2","0","48.59","0","0","13","0","16","0.58","18","2026-07-15T18:57:22.5972016+08:00","2026-07-15T18:57:24.7551830+08:00","1.1016","4.2433","87.881","3.6771","4.1631","88.331","51.51","-1.604","51.535","0.45","E:\ASC-_AIVision_Group2\project\calibration_records\2026-07-15_position_pid_tuning\minpos_v1_forward50_k050d005_f075.log"
"2026-07-15T18:57:47","minpos_v1_backward50_k050d005_f075","backward","50","50","0.5","0","0.05","0.75","1","0","2.089","-1.4","1.404","1.4","0.1","0","47.57","0","0","13","0","17","0.76","20","2026-07-15T18:57:44.9806255+08:00","2026-07-15T18:57:47.2239508+08:00","3.6767","4.163","88.281","1.0703","4.2397","87.156","-52.128","1.534","52.151","-1.125","E:\ASC-_AIVision_Group2\project\calibration_records\2026-07-15_position_pid_tuning\minpos_v1_backward50_k050d005_f075.log"
"2026-07-15T18:58:27","minpos_v1_forward80_k050d005_f082","forward","80","75","0.5","0","0.05","0.82","1","0","2.16","-0.9","0.906","0.9","0.1","0","71.35","0","0","13","0","19","0.68","21","2026-07-15T18:58:25.1111441+08:00","2026-07-15T18:58:27.4120254+08:00","1.0702","4.2396","87.438","5.1438","4.116","88.546","81.472","-2.472","81.509","1.108","E:\ASC-_AIVision_Group2\project\calibration_records\2026-07-15_position_pid_tuning\minpos_v1_forward80_k050d005_f082.log"
"2026-07-15T18:58:52","minpos_v1_backward80_k050d005_f082","backward","80","75","0.5","0","0.05","0.82","1","0","2.189","-1.2","1.204","1.2","0.1","0","71.97","0","0","13","0","19","1.01","21","2026-07-15T18:58:49.8866230+08:00","2026-07-15T18:58:52.2527856+08:00","5.1437","4.1157","88.601","1.0677","4.2146","87.769","-81.52","1.978","81.544","-0.832","E:\ASC-_AIVision_Group2\project\calibration_records\2026-07-15_position_pid_tuning\minpos_v1_backward80_k050d005_f082.log"
"2026-07-15T19:10:06","baseline_pure_s_forward100_f100","forward","100","150","0","0","0","1","1","0","2.152","-4.3","4.329","4.3","0.5","0","94.94","0","0","5","0","18","0.64","20","2026-07-15T19:10:03.9318979+08:00","2026-07-15T19:10:06.2367507+08:00","0.3297","5.0237","90.018","5.5864","5.0859","91.18","105.134","1.244","105.141","1.162","E:\ASC-_AIVision_Group2\project\calibration_records\2026-07-15_position_pid_tuning\baseline_pure_s_forward100_f100.log"
"2026-07-15T19:10:36","baseline_pure_s_backward100_f100","backward","100","150","0","0","0","1","1","0","2.143","-5","5.025","5.1","0.5","0","95.34","0","0","5","0","18","1.09","20","2026-07-15T19:10:34.0476298+08:00","2026-07-15T19:10:36.3439878+08:00","5.5867","5.0846","90.956","0.3305","4.9911","89.8","-105.124","-1.87","105.141","-1.156","E:\ASC-_AIVision_Group2\project\calibration_records\2026-07-15_position_pid_tuning\baseline_pure_s_backward100_f100.log"
"2026-07-15T19:11:22","baseline_pure_s_forward20_f100","forward","20","40","0","0","0","1","1","0","1.32","-4","4.001","4","0.1","0","41.42","0","0","5","5","5","0.76","11","2026-07-15T19:11:21.0298896+08:00","2026-07-15T19:11:22.4976186+08:00","0.3311","4.9918","89.862","1.56","5.0016","89.3","24.578","0.196","24.579","-0.562","E:\ASC-_AIVision_Group2\project\calibration_records\2026-07-15_position_pid_tuning\baseline_pure_s_forward20_f100.log"
"2026-07-15T19:11:46","baseline_pure_s_backward20_f100","backward","20","40","0","0","0","1","1","0","1.314","-4.1","4.119","4.1","0.4","0","39.57","0","0","4","6","4","0.81","12","2026-07-15T19:11:44.2617185+08:00","2026-07-15T19:11:45.7244426+08:00","1.5598","5.0017","89.186","0.3239","5.0107","89.508","-24.718","0.18","24.719","0.322","E:\ASC-_AIVision_Group2\project\calibration_records\2026-07-15_position_pid_tuning\baseline_pure_s_backward20_f100.log"
"2026-07-15T19:18:57","brake_minref_forward20_f100","forward","20","40","0","0","0","1","1","0","1.23","-3.3","3.3","3.3","0","0","40.6","0","0","5","5","5","0.78","11","2026-07-15T19:18:55.8892708+08:00","2026-07-15T19:18:57.2638232+08:00","0.1852","4.4561","90.683","1.3741","4.4938","90.127","23.778","0.754","23.79","-0.556","E:\ASC-_AIVision_Group2\project\calibration_records\2026-07-15_position_pid_tuning\brake_minref_forward20_f100.log"
"2026-07-15T19:19:16","brake_minref_backward20_f100","backward","20","40","0","0","0","1","1","0","1.349","-3.4","3.413","3.4","0.3","0","40.18","0","0","5","5","5","0.83","12","2026-07-15T19:19:14.3291839+08:00","2026-07-15T19:19:15.8430260+08:00","1.3743","4.4939","90.047","0.1743","4.4764","90.553","-24","-0.35","24.003","0.506","E:\ASC-_AIVision_Group2\project\calibration_records\2026-07-15_position_pid_tuning\brake_minref_backward20_f100.log"
"2026-07-15T19:19:38","brake_minref_forward100_f100","forward","100","150","0","0","0","1","1","0","2.166","-2.3","2.335","2.3","0.4","0","95.14","0","0","5","0","18","1.67","20","2026-07-15T19:19:35.5479565+08:00","2026-07-15T19:19:37.8910663+08:00","0.1748","4.4763","90.477","5.3274","4.6085","92.151","103.052","2.644","103.086","1.675","E:\ASC-_AIVision_Group2\project\calibration_records\2026-07-15_position_pid_tuning\brake_minref_forward100_f100.log"
"2026-07-15T19:19:58","brake_minref_backward100_f100","backward","100","150","0","0","0","1","1","0","2.642","0.8","0.806","2.5","0.1","0","95.95","0","1","8","2","21","0.85","25","2026-07-15T19:19:55.5571412+08:00","2026-07-15T19:19:58.3715398+08:00","5.3272","4.6085","91.867","0.3394","4.4168","90.912","-99.756","-3.834","99.83","-0.955","E:\ASC-_AIVision_Group2\project\calibration_records\2026-07-15_position_pid_tuning\brake_minref_backward100_f100.log"
"2026-07-15T19:23:18","straight_single_forward100_f100","forward","100","150","0","0","0","1","1","0","2.158","-2.3","2.335","2.3","0.4","0","94.32","0","0","5","0","18","0.89","20","2026-07-15T19:23:15.5908028+08:00","2026-07-15T19:23:17.9312785+08:00","0.3578","5.3688","90.55","5.5185","5.4482","91.831","103.214","1.588","103.226","1.281","E:\ASC-_AIVision_Group2\project\calibration_records\2026-07-15_position_pid_tuning\straight_single_forward100_f100.log"
"2026-07-15T19:23:41","straight_single_backward100_f100","backward","100","150","0","0","0","1","1","0","2.162","-2.2","2.309","2.3","0.7","0","95.54","0","0","5","0","18","1.36","20","2026-07-15T19:23:38.4000238+08:00","2026-07-15T19:23:40.7189361+08:00","5.5185","5.4482","91.411","0.4007","5.3372","90.366","-102.356","-2.22","102.38","-1.045","E:\ASC-_AIVision_Group2\project\calibration_records\2026-07-15_position_pid_tuning\straight_single_backward100_f100.log"
"2026-07-15T19:24:10","straight_single_forward100_k0_f085","forward","100","150","0","0","0","0.85","1","0","2.111","-1.5","1.53","1.5","0.3","0","94.94","0","0","5","0","18","1.18","20","2026-07-15T19:24:07.7712335+08:00","2026-07-15T19:24:10.0528767+08:00","0.4013","5.3372","90.217","5.5177","5.3652","91.615","102.328","0.56","102.33","1.398","E:\ASC-_AIVision_Group2\project\calibration_records\2026-07-15_position_pid_tuning\straight_single_forward100_k0_f085.log"
"2026-07-15T19:24:31","straight_single_backward100_k0_f085","backward","100","150","0","0","0","0.85","1","0","2.157","-1.6","1.676","1.7","0.5","0.82","96.79","0","0","5","0","19","1.48","20","2026-07-15T19:24:28.4167233+08:00","2026-07-15T19:24:30.7404108+08:00","5.5176","5.3651","91.482","0.445","5.2136","89.936","-101.452","-3.03","101.497","-1.546","E:\ASC-_AIVision_Group2\project\calibration_records\2026-07-15_position_pid_tuning\straight_single_backward100_k0_f085.log"
"2026-07-15T19:25:03","straight_single_forward100_k0_f070","forward","100","150","0","0","0","0.7","1","0","2.202","-1.5","1.53","1.6","0.3","0","94.52","0","0","5","0","18","1.23","21","2026-07-15T19:25:01.0780202+08:00","2026-07-15T19:25:03.4433431+08:00","0.4458","5.2123","90.251","5.552","5.2814","91.169","102.124","1.382","102.133","0.918","E:\ASC-_AIVision_Group2\project\calibration_records\2026-07-15_position_pid_tuning\straight_single_forward100_k0_f070.log"
"2026-07-15T19:25:50","straight_single_backward100_k0_f070","backward","100","150","0","0","0","0.7","1","0","2.151","-1.7","1.772","1.7","0.5","1.23","95.54","0","0","5","0","19","1.05","20","2026-07-15T19:25:47.4356365+08:00","2026-07-15T19:25:49.7331670+08:00","5.552","5.2811","91.095","0.4585","5.1343","90.082","-101.87","-2.936","101.912","-1.013","E:\ASC-_AIVision_Group2\project\calibration_records\2026-07-15_position_pid_tuning\straight_single_backward100_k0_f070.log"
"2026-07-15T19:26:10","straight_single_forward20_k0_f070","forward","20","40","0","0","0","0.7","1","0","1.255","-1.5","1.503","1.5","0.1","0","35.69","0","0","6","4","6","0.66","11","2026-07-15T19:26:08.8208126+08:00","2026-07-15T19:26:10.2844946+08:00","0.4589","5.1338","90.584","1.5604","5.1479","90.03","22.03","0.282","22.032","-0.553","E:\ASC-_AIVision_Group2\project\calibration_records\2026-07-15_position_pid_tuning\straight_single_forward20_k0_f070.log"
"2026-07-15T19:26:33","straight_single_backward20_k0_f070","backward","20","40","0","0","0","0.7","1","0","1.334","-1.9","1.924","1.9","0.3","0","37.93","0","0","6","4","6","0.6","12","2026-07-15T19:26:31.9996671+08:00","2026-07-15T19:26:33.4992516+08:00","1.5605","5.1479","90.008","0.442","5.1429","90.192","-22.37","-0.1","22.37","0.184","E:\ASC-_AIVision_Group2\project\calibration_records\2026-07-15_position_pid_tuning\straight_single_backward20_k0_f070.log"
"2026-07-15T19:26:57","straight_single_forward20_k0_f055","forward","20","40","0","0","0","0.55","1","0","1.424","0","0.1","0","0.1","0","29.32","0","0","8","3","8","0.62","13","2026-07-15T19:26:55.8340718+08:00","2026-07-15T19:26:57.4225645+08:00","0.4416","5.143","90.089","1.4632","5.1539","89.782","20.432","0.218","20.433","-0.306","E:\ASC-_AIVision_Group2\project\calibration_records\2026-07-15_position_pid_tuning\straight_single_forward20_k0_f055.log"
"2026-07-15T19:27:31","straight_single_backward20_k0_f055","backward","20","40","0","0","0","0.55","1","0","1.48","-0.1","0.316","0.1","0.3","0","30.75","0","0","8","3","8","0.83","14","2026-07-15T19:27:29.7071789+08:00","2026-07-15T19:27:31.3647095+08:00","1.4633","5.1539","90.036","0.4387","5.1554","90.012","-20.492","0.03","20.492","-0.025","E:\ASC-_AIVision_Group2\project\calibration_records\2026-07-15_position_pid_tuning\straight_single_backward20_k0_f055.log"
"2026-07-15T19:27:57","straight_single_forward100_k0_f055","forward","100","150","0","0","0","0.55","1","0","2.158","-1.6","1.628","1.6","0.3","0","96.38","0","0","5","0","19","1.56","21","2026-07-15T19:27:55.0296122+08:00","2026-07-15T19:27:57.3426016+08:00","0.4387","5.1555","90.288","5.5492","5.2163","91.756","102.21","1.216","102.217","1.468","E:\ASC-_AIVision_Group2\project\calibration_records\2026-07-15_position_pid_tuning\straight_single_forward100_k0_f055.log"
"2026-07-15T19:28:21","straight_single_backward100_k0_f055","backward","100","150","0","0","0","0.55","1","0","2.164","-1.6","1.628","1.6","0.3","0","95.13","0","0","4","0","18","1.66","21","2026-07-15T19:28:18.8375311+08:00","2026-07-15T19:28:21.1618258+08:00","5.5492","5.2162","91.825","0.4714","5.0763","90.05","-101.556","-2.798","101.595","-1.775","E:\ASC-_AIVision_Group2\project\calibration_records\2026-07-15_position_pid_tuning\straight_single_backward100_k0_f055.log"
"2026-07-15T19:28:59","straight_single_forward40_k0_f055","forward","40","50","0","0","0","0.55","1","0","1.497","-0.5","0.583","0.5","0.3","0.28","58.64","0","0","6","0","13","1.83","14","2026-07-15T19:28:57.6242595+08:00","2026-07-15T19:28:59.2939110+08:00","0.4721","5.0769","89.774","2.5346","5.0881","89.835","41.25","0.224","41.251","0.061","E:\ASC-_AIVision_Group2\project\calibration_records\2026-07-15_position_pid_tuning\straight_single_forward40_k0_f055.log"
"2026-07-15T19:29:18","straight_single_backward40_k0_f055","backward","40","50","0","0","0","0.55","1","0","1.56","-0.8","0.825","0.8","0.2","0","57.61","0","0","5","0","12","1.37","14","2026-07-15T19:29:16.1822362+08:00","2026-07-15T19:29:17.9166011+08:00","2.5346","5.0876","89.836","0.4604","5.0829","89.479","-41.484","-0.094","41.484","-0.358","E:\ASC-_AIVision_Group2\project\calibration_records\2026-07-15_position_pid_tuning\straight_single_backward40_k0_f055.log"
"2026-07-15T19:29:39","straight_single_forward70_k0_f055","forward","70","65","0","0","0","0.55","1","0","1.942","-1.2","1.237","1.2","0.3","0","73.81","0","0","6","0","16","0.72","18","2026-07-15T19:29:37.3800029+08:00","2026-07-15T19:29:39.4811686+08:00","0.4609","5.0828","89.602","4.0453","5.0617","90.271","71.688","-0.422","71.689","0.669","E:\ASC-_AIVision_Group2\project\calibration_records\2026-07-15_position_pid_tuning\straight_single_forward70_k0_f055.log"
"2026-07-15T19:30:00","straight_single_backward70_k0_f055","backward","70","65","0","0","0","0.55","1","0","1.886","-1.5","1.5","1.6","0","0","73.2","0","0","5","0","16","0.84","18","2026-07-15T19:29:58.3174381+08:00","2026-07-15T19:30:00.3610332+08:00","4.0454","5.0616","90.482","0.4667","5.0468","89.554","-71.574","-0.296","71.575","-0.928","E:\ASC-_AIVision_Group2\project\calibration_records\2026-07-15_position_pid_tuning\straight_single_backward70_k0_f055.log"
"2026-07-15T19:33:38","release22_forward100_k0_f055","forward","100","150","0","0","0","0.55","1","0","2.164","-1.7","1.726","1.7","0.3","0","94.11","0","0","5","0","18","1.59","20","2026-07-15T19:33:35.3265635+08:00","2026-07-15T19:33:37.6462762+08:00","0.4691","5.0463","89.581","5.5919","5.0473","90.555","102.456","0.02","102.456","0.975","E:\ASC-_AIVision_Group2\project\calibration_records\2026-07-15_position_pid_tuning\release22_forward100_k0_f055.log"
"2026-07-15T19:33:58","release22_backward100_k0_f055","backward","100","150","0","0","0","0.55","1","0","2.177","-1.6","1.676","1.6","0.5","0","94.75","0","0","6","0","19","0.78","21","2026-07-15T19:33:56.0702655+08:00","2026-07-15T19:33:58.4026078+08:00","5.5919","5.0475","90.541","0.5048","4.9686","89.439","-101.742","-1.578","101.754","-1.102","E:\ASC-_AIVision_Group2\project\calibration_records\2026-07-15_position_pid_tuning\release22_backward100_k0_f055.log"
"2026-07-15T19:34:58","release22_left40_k0_f055","left","40","50","0","0","0","0.55","1","0","1.703","0.7","0.99","0","0.7","0.28","55.73","0","0","7","0","14","1.7","15","2026-07-15T19:34:56.5106385+08:00","2026-07-15T19:34:58.3734709+08:00","0.5046","4.9683","89.279","0.5267","2.9242","89.498","0.442","-40.882","40.884","0.219","E:\ASC-_AIVision_Group2\project\calibration_records\2026-07-15_position_pid_tuning\release22_left40_k0_f055.log"
"2026-07-15T19:35:19","release22_right40_k0_f055","right","40","50","0","0","0","0.55","1","0","1.651","1","1.166","0","0.6","0.41","54.53","0","0","7","0","14","1.04","15","2026-07-15T19:35:17.3279066+08:00","2026-07-15T19:35:19.1533810+08:00","0.5265","2.9245","89.496","0.557","4.9829","89.117","0.61","41.168","41.173","-0.379","E:\ASC-_AIVision_Group2\project\calibration_records\2026-07-15_position_pid_tuning\release22_right40_k0_f055.log"
"2026-07-15T19:35:44","release22_left70_k0_f055","left","70","65","0","0","0","0.55","1","0","2.1","0.8","0.894","0","0.4","0","70.07","0","0","7","0","18","0.68","20","2026-07-15T19:35:41.4460664+08:00","2026-07-15T19:35:43.7032127+08:00","0.5573","4.982","89.198","0.6122","1.354","89.396","1.098","-72.56","72.568","0.198","E:\ASC-_AIVision_Group2\project\calibration_records\2026-07-15_position_pid_tuning\release22_left70_k0_f055.log"
"2026-07-15T19:36:07","release22_right70_k0_f055","right","70","65","0","0","0","0.55","1","0","2.012","0.9","0.949","0","0.3","0","70.72","0","0","6","0","17","1.12","19","2026-07-15T19:36:04.7311069+08:00","2026-07-15T19:36:06.8837850+08:00","0.6121","1.3537","89.365","0.7932","4.9214","89.863","3.622","71.354","71.446","0.498","E:\ASC-_AIVision_Group2\project\calibration_records\2026-07-15_position_pid_tuning\release22_right70_k0_f055.log"
"2026-07-15T19:36:50","release22_forward20_k010_f055","forward","20","40","0.1","0","0","0.55","1","0","1.424","0","0.2","0","0.2","0","30.55","0","0","8","3","8","0.62","13","2026-07-15T19:36:48.9572705+08:00","2026-07-15T19:36:50.5435724+08:00","0.7925","4.9212","89.82","1.8145","4.9189","88.939","20.44","-0.046","20.44","-0.881","E:\ASC-_AIVision_Group2\project\calibration_records\2026-07-15_position_pid_tuning\release22_forward20_k010_f055.log"
"2026-07-15T19:37:10","release22_backward20_k010_f055","backward","20","40","0.1","0","0","0.55","1","0","1.464","-0.2","0.283","0.2","0.2","0","30.97","0","0","8","3","8","0.7","13","2026-07-15T19:37:08.1214280+08:00","2026-07-15T19:37:09.7347481+08:00","1.8151","4.9185","89.281","0.7779","4.9296","89.737","-20.744","0.222","20.745","0.456","E:\ASC-_AIVision_Group2\project\calibration_records\2026-07-15_position_pid_tuning\release22_backward20_k010_f055.log"
"2026-07-15T19:37:36","release22_forward100_k010_f055","forward","100","150","0.1","0","0","0.55","1","0","2.182","-1.4","1.414","1.4","0.2","0","96.16","0","0","6","0","19","1.26","20","2026-07-15T19:37:34.1361028+08:00","2026-07-15T19:37:36.4709206+08:00","0.7776","4.9289","89.595","5.8725","4.9207","91.492","101.898","-0.164","101.898","1.896","E:\ASC-_AIVision_Group2\project\calibration_records\2026-07-15_position_pid_tuning\release22_forward100_k010_f055.log"
"2026-07-15T19:37:56","release22_backward100_k010_f055","backward","100","150","0.1","0","0","0.55","1","0","2.127","-1.7","1.772","1.7","0.5","0","94.94","0","0","5","0","19","1.45","21","2026-07-15T19:37:54.1828812+08:00","2026-07-15T19:37:56.4811330+08:00","5.8729","4.9213","91.404","0.7719","4.8487","89.498","-102.02","-1.452","102.03","-1.906","E:\ASC-_AIVision_Group2\project\calibration_records\2026-07-15_position_pid_tuning\release22_backward100_k010_f055.log"
