"timestamp","label","direction","distance_cm","speed_cmps","kp","ki","kd","done","timeout","completion_s","final_remaining_cm","radial_error_cm","max_overshoot_cm","final_cross_error_cm","peak_actual_cmps","ovr_samples","max_yaw_error_deg","telemetry_samples","raw_log"
"2026-07-15T15:03:14","kp1p80_kd0p25_forward20","forward","20","40","1.8","0","0.25","1","0","1.232","0.8","0.806","0","0.1","36.7","1","1.1","20","E:\ASC-_AIVision_Group2\project\calibration_records\2026-07-15_position_pid_tuning\kp1p80_kd0p25_forward20.log"
"2026-07-15T15:04:16","kp2p40_kd0p25_forward20","forward","20","40","2.4","0","0.25","1","0","1.191","0.1","0.141","0","0.1","38.54","2","0.69","16","E:\ASC-_AIVision_Group2\project\calibration_records\2026-07-15_position_pid_tuning\kp2p40_kd0p25_forward20.log"
"2026-07-15T15:04:34","kp3p20_kd0p25_forward20","forward","20","40","3.2","0","0.25","1","0","1.238","-0.8","0.8","0.8","0","43.46","4","0.92","17","E:\ASC-_AIVision_Group2\project\calibration_records\2026-07-15_position_pid_tuning\kp3p20_kd0p25_forward20.log"
"2026-07-15T15:05:01","kp2p40_kd0p45_forward20","forward","20","40","2.4","0","0.45","1","0","1.181","0","0.3","0","0.3","42.44","4","1.14","16","E:\ASC-_AIVision_Group2\project\calibration_records\2026-07-15_position_pid_tuning\kp2p40_kd0p45_forward20.log"
"2026-07-15T15:05:17","kp2p40_kd0p10_forward20","forward","20","40","2.4","0","0.1","1","0","1.151","0.5","0.583","0","0.3","39.98","1","0.81","16","E:\ASC-_AIVision_Group2\project\calibration_records\2026-07-15_position_pid_tuning\kp2p40_kd0p10_forward20.log"
"2026-07-15T15:05:32","kp2p40_kd0p00_forward20","forward","20","40","2.4","0","0","1","0","1.15","0.2","0.283","0","0.2","39.37","3","1.16","16","E:\ASC-_AIVision_Group2\project\calibration_records\2026-07-15_position_pid_tuning\kp2p40_kd0p00_forward20.log"
"2026-07-15T15:05:51","kp2p20_kd0p10_backward20","backward","20","40","2.2","0","0.1","1","0","1.306","-0.4","0.5","0.4","0.3","39.99","3","1.54","17","E:\ASC-_AIVision_Group2\project\calibration_records\2026-07-15_position_pid_tuning\kp2p20_kd0p10_backward20.log"
"2026-07-15T15:06:02","kp2p40_kd0p10_backward20","backward","20","40","2.4","0","0.1","1","0","1.224","-0.6","0.671","0.6","0.3","42.25","4","1.3","17","E:\ASC-_AIVision_Group2\project\calibration_records\2026-07-15_position_pid_tuning\kp2p40_kd0p10_backward20.log"
"2026-07-15T15:06:18","kp2p20_kd0p10_left20","left","20","40","2.2","0","0.1","1","0","1.901","1.4","1.456","0","0.4","36.48","0","0.73","24","E:\ASC-_AIVision_Group2\project\calibration_records\2026-07-15_position_pid_tuning\kp2p20_kd0p10_left20.log"
"2026-07-15T15:06:24","kp2p20_kd0p10_right20","right","20","40","2.2","0","0.1","1","0","1.4","1.3","1.304","0","0.1","37.77","0","1.37","19","E:\ASC-_AIVision_Group2\project\calibration_records\2026-07-15_position_pid_tuning\kp2p20_kd0p10_right20.log"
"2026-07-15T15:06:51","kp2p40_kd0p10_left20","left","20","40","2.4","0","0.1","1","0","1.341","1","1.166","0","0.6","36.08","0","0.81","18","E:\ASC-_AIVision_Group2\project\calibration_records\2026-07-15_position_pid_tuning\kp2p40_kd0p10_left20.log"
"2026-07-15T15:06:56","kp2p40_kd0p10_right20","right","20","40","2.4","0","0.1","1","0","1.322","1","1.005","0","0.1","37.6","1","1.34","18","E:\ASC-_AIVision_Group2\project\calibration_records\2026-07-15_position_pid_tuning\kp2p40_kd0p10_right20.log"
"2026-07-15T15:07:42","kp2p30_ki0p001_kd0p10_left20","left","20","40","2.3","0.001","0.1","1","0","1.309","0.9","0.985","0","0.4","36.43","1","0.73","17","E:\ASC-_AIVision_Group2\project\calibration_records\2026-07-15_position_pid_tuning\kp2p30_ki0p001_kd0p10_left20.log"
"2026-07-15T15:07:48","kp2p30_ki0p001_kd0p10_right20","right","20","40","2.3","0.001","0.1","1","0","1.318","1","1.02","0","0.2","37.54","0","1.23","17","E:\ASC-_AIVision_Group2\project\calibration_records\2026-07-15_position_pid_tuning\kp2p30_ki0p001_kd0p10_right20.log"
"2026-07-15T15:08:31","final_forward20","forward","20","40","2.3","0","0.1","1","0","1.224","0.5","0.539","0","0.2","38.35","1","0.56","17","E:\ASC-_AIVision_Group2\project\calibration_records\2026-07-15_position_pid_tuning\final_forward20.log"
"2026-07-15T15:08:36","final_backward20","backward","20","40","2.3","0","0.1","1","0","1.214","0.2","0.632","0","0.6","35.89","1","0.66","17","E:\ASC-_AIVision_Group2\project\calibration_records\2026-07-15_position_pid_tuning\final_backward20.log"
"2026-07-15T15:08:42","final_forward40","forward","40","50","2.3","0","0.1","1","0","1.508","0.7","0.922","0","0.6","56.59","6","1.45","20","E:\ASC-_AIVision_Group2\project\calibration_records\2026-07-15_position_pid_tuning\final_forward40.log"
"2026-07-15T15:08:48","final_backward40","backward","40","50","2.3","0","0.1","1","0","1.538","0.3","1.044","0","1","57.85","6","1.49","20","E:\ASC-_AIVision_Group2\project\calibration_records\2026-07-15_position_pid_tuning\final_backward40.log"
"2026-07-15T15:09:11","final_forward50","forward","50","50","2.3","0","0.1","1","0","1.696","1.3","1.432","0","0.6","56.6","5","0.97","21","E:\ASC-_AIVision_Group2\project\calibration_records\2026-07-15_position_pid_tuning\final_forward50.log"
"2026-07-15T15:09:20","final_backward50","backward","50","50","2.3","0","0.1","1","0","3.973","0.8","1.442","0","1.2","59.31","4","1.38","44","E:\ASC-_AIVision_Group2\project\calibration_records\2026-07-15_position_pid_tuning\final_backward50.log"
"2026-07-15T15:09:28","final_forward70","forward","70","65","2.3","0","0.1","1","0","3.388","0.6","1.342","0","1.2","69.76","7","1.37","38","E:\ASC-_AIVision_Group2\project\calibration_records\2026-07-15_position_pid_tuning\final_forward70.log"
"2026-07-15T15:09:36","final_backward70","backward","70","65","2.3","0","0.1","1","0","3.509","0.6","1.082","0","0.9","73.68","10","1","40","E:\ASC-_AIVision_Group2\project\calibration_records\2026-07-15_position_pid_tuning\final_backward70.log"
"2026-07-15T15:09:59","staging_backward20_before_fb100","backward","20","40","2.3","0","0.1","1","0","1.319","0.3","0.671","0","0.6","37.94","1","0.79","17","E:\ASC-_AIVision_Group2\project\calibration_records\2026-07-15_position_pid_tuning\staging_backward20_before_fb100.log"
"2026-07-15T15:10:06","final_forward100","forward","100","150","2.3","0","0.1","1","0","3.349","0.8","1.281","0","1","93.57","5","2.25","37","E:\ASC-_AIVision_Group2\project\calibration_records\2026-07-15_position_pid_tuning\final_forward100.log"
"2026-07-15T15:10:17","final_backward100","backward","100","150","2.3","0","0.1","1","0","5.816","-0.9","1.421","0.9","1.1","97.44","6","1.44","62","E:\ASC-_AIVision_Group2\project\calibration_records\2026-07-15_position_pid_tuning\final_backward100.log"
"2026-07-15T15:10:44","final_left20","left","20","40","2.3","0","0.1","1","0","1.328","1.2","1.342","0","0.6","33.66","1","0.96","17","E:\ASC-_AIVision_Group2\project\calibration_records\2026-07-15_position_pid_tuning\final_left20.log"
"2026-07-15T15:10:50","final_right20","right","20","40","2.3","0","0.1","1","0","1.322","1.2","1.5","0","0.9","34.68","1","1.33","18","E:\ASC-_AIVision_Group2\project\calibration_records\2026-07-15_position_pid_tuning\final_right20.log"
"2026-07-15T15:10:57","final_left40","left","40","50","2.3","0","0.1","1","0","2.815","1.2","1.389","0","0.7","53.61","2","0.63","33","E:\ASC-_AIVision_Group2\project\calibration_records\2026-07-15_position_pid_tuning\final_left40.log"
"2026-07-15T15:11:04","final_right40","right","40","50","2.3","0","0.1","1","0","3.051","1.1","1.36","0","0.8","55.88","3","1.62","34","E:\ASC-_AIVision_Group2\project\calibration_records\2026-07-15_position_pid_tuning\final_right40.log"
"2026-07-15T15:11:24","final_left50","left","50","50","2.3","0","0.1","1","0","3.066","0.7","1.14","0","0.9","55.65","2","1.25","35","E:\ASC-_AIVision_Group2\project\calibration_records\2026-07-15_position_pid_tuning\final_left50.log"
"2026-07-15T15:11:31","final_right50","right","50","50","2.3","0","0.1","1","0","3.108","1.2","1.442","0","0.8","58.23","4","1.5","36","E:\ASC-_AIVision_Group2\project\calibration_records\2026-07-15_position_pid_tuning\final_right50.log"
"2026-07-15T15:11:39","final_left70","left","70","65","2.3","0","0.1","1","0","2.925","1.2","1.442","0","0.8","69.49","2","1.87","33","E:\ASC-_AIVision_Group2\project\calibration_records\2026-07-15_position_pid_tuning\final_left70.log"
"2026-07-15T15:11:47","final_right70","right","70","65","2.3","0","0.1","1","0","3.666","0.5","0.943","0","0.8","70.24","6","2.13","41","E:\ASC-_AIVision_Group2\project\calibration_records\2026-07-15_position_pid_tuning\final_right70.log"
"2026-07-15T15:12:04","staging_right20_before_lr100","right","20","40","2.3","0","0.1","1","0","1.319","1.1","1.105","0","0.1","38.09","0","1.24","17","E:\ASC-_AIVision_Group2\project\calibration_records\2026-07-15_position_pid_tuning\staging_right20_before_lr100.log"
"2026-07-15T15:12:12","final_left100","left","100","150","2.3","0","0.1","1","0","3.594","1.3","1.476","0","0.7","91.74","3","1.76","40","E:\ASC-_AIVision_Group2\project\calibration_records\2026-07-15_position_pid_tuning\final_left100.log"
"2026-07-15T15:12:20","final_right100","right","100","150","2.3","0","0.1","1","0","3.661","0.8","1.36","0","1.1","92.61","4","1.31","41","E:\ASC-_AIVision_Group2\project\calibration_records\2026-07-15_position_pid_tuning\final_right100.log"
"2026-07-15T15:13:57","ki_compare_forward70","forward","70","65","2.3","0.001","0.1","1","0","1.895","1.2","1.217","0","0.2","70.32","7","0.9","24","E:\ASC-_AIVision_Group2\project\calibration_records\2026-07-15_position_pid_tuning\ki_compare_forward70.log"
"2026-07-15T15:14:03","ki_compare_backward70","backward","70","65","2.3","0.001","0.1","1","0","1.873","1.3","1.36","0","0.4","72.99","7","1.14","24","E:\ASC-_AIVision_Group2\project\calibration_records\2026-07-15_position_pid_tuning\ki_compare_backward70.log"
"2026-07-15T15:14:11","ki_compare_left70","left","70","65","2.3","0.001","0.1","1","0","3.011","0.9","1.421","0","1.1","69.17","4","0.97","34","E:\ASC-_AIVision_Group2\project\calibration_records\2026-07-15_position_pid_tuning\ki_compare_left70.log"
"2026-07-15T15:14:18","ki_compare_right70","right","70","65","2.3","0.001","0.1","1","0","2.909","1.2","1.217","0","0.2","69.7","3","2.13","34","E:\ASC-_AIVision_Group2\project\calibration_records\2026-07-15_position_pid_tuning\ki_compare_right70.log"
